{"stats":{"minecraft:dropped":{"minecraft:wooden_axe":3,"bitsandchisels:smart_chisel":6,"bitsandchisels:wrench":1,"minecraft:iron_door":1,"bitsandchisels:bits_block":16,"bitsandchisels:bit_item":1,"minecraft:white_terracotta":1,"minecraft:light":3},"minecraft:used":{"minecraft:birch_door":12,"minecraft:stripped_acacia_wood":1,"minecraft:glass":7,"minecraft:brown_terracotta":3,"minecraft:diorite":2,"minecraft:black_wool":1,"minecraft:black_concrete":3,"minecraft:green_concrete":3,"minecraft:light":12,"minecraft:bricks":21,"minecraft:spruce_door":2,"minecraft:birch_slab":1,"minecraft:grass_block":16,"minecraft:polished_andesite":1,"minecraft:oak_planks":148,"minecraft:oak_sign":18,"minecraft:blue_wool":369,"minecraft:black_carpet":2,"minecraft:white_concrete_powder":7,"minecraft:stone_slab":31,"minecraft:white_terracotta":297,"minecraft:stone":1,"minecraft:polished_granite":1,"minecraft:iron_door":3,"minecraft:stripped_jungle_wood":1,"minecraft:raw_gold_block":3,"minecraft:stripped_birch_wood":3,"minecraft:oak_door":7,"minecraft:yellow_concrete_powder":29,"minecraft:yellow_terracotta":2,"minecraft:oak_slab":1,"bitsandchisels:bits_block":1118,"minecraft:light_blue_wool":12,"minecraft:andesite":2,"bitsandchisels:wrench":204,"minecraft:smooth_stone_slab":3,"minecraft:horn_coral_block":2,"minecraft:gray_concrete":1,"minecraft:white_concrete":147,"minecraft:granite":1,"minecraft:smooth_stone":2,"bitsandchisels:bit_item":1562},"minecraft:custom":{"minecraft:time_since_rest":740797,"minecraft:sprint_one_cm":373382,"minecraft:walk_one_cm":621210,"minecraft:drop":31,"minecraft:fly_one_cm":1984349,"minecraft:crouch_one_cm":74158,"minecraft:play_time":740797,"minecraft:sneak_time":72470,"minecraft:jump":1101,"minecraft:leave_game":11,"minecraft:time_since_death":740797,"minecraft:total_world_time":755431},"minecraft:picked_up":{"minecraft:wooden_axe":3,"minecraft:oak_door":1,"minecraft:iron_door":1,"bitsandchisels:bits_block":409,"bitsandchisels:smart_chisel":4,"minecraft:yellow_concrete_powder":1,"bitsandchisels:bit_item":432,"minecraft:oak_sign":11,"minecraft:birch_sign":1}},"DataVersion":3465}