{"stats":{"minecraft:dropped":{"bitsandchisels:diamond_chisel":1,"bitsandchisels:smart_chisel":1,"bitsandchisels:wrench":1,"bitsandchisels:bits_block":5,"minecraft:end_stone_bricks":1,"minecraft:white_terracotta":1},"minecraft:used":{"bitsandchisels:bit_item":5012,"minecraft:oak_log":15,"minecraft:glass":6,"minecraft:diorite":4,"minecraft:trident":5,"minecraft:green_concrete":1,"minecraft:light":1,"minecraft:black_concrete":5,"minecraft:end_stone_bricks":4,"minecraft:bricks":6,"minecraft:bookshelf":17,"minecraft:spruce_door":11,"minecraft:flint_and_steel":2,"minecraft:red_wool":2,"minecraft:light_gray_concrete":11,"minecraft:red_concrete":1,"minecraft:grass_block":36,"minecraft:oak_stairs":3,"minecraft:gray_carpet":8,"minecraft:light_gray_carpet":1,"minecraft:oak_planks":20,"minecraft:oak_sign":1,"minecraft:quartz_block":4,"minecraft:white_terracotta":27,"minecraft:black_carpet":2,"minecraft:ender_pearl":21,"minecraft:stone_slab":12,"minecraft:cyan_concrete":1,"minecraft:stone":6,"minecraft:brown_concrete":5,"minecraft:polished_granite":2,"minecraft:raw_gold_block":1,"minecraft:light_gray_wool":2,"minecraft:waxed_exposed_copper":2,"minecraft:redstone_lamp":1,"minecraft:red_carpet":1,"minecraft:yellow_terracotta":1,"minecraft:tnt":4,"bitsandchisels:bits_block":1392,"minecraft:stripped_oak_wood":1,"minecraft:light_blue_wool":2,"minecraft:black_banner":1,"minecraft:light_gray_terracotta":5,"minecraft:bamboo_block":1,"minecraft:yellow_concrete":1,"bitsandchisels:wrench":532,"minecraft:pink_terracotta":1,"minecraft:raw_iron_block":1,"minecraft:gray_concrete":2,"minecraft:white_concrete":151,"minecraft:granite":2,"minecraft:blue_concrete":2,"minecraft:smooth_stone":5,"minecraft:bamboo_planks":2,"minecraft:dark_oak_door":3,"minecraft:polished_diorite":10,"minecraft:birch_door":32,"minecraft:shroomlight":2},"minecraft:custom":{"minecraft:time_since_rest":7337,"minecraft:sprint_one_cm":440768,"minecraft:walk_one_cm":762747,"minecraft:mob_kills":1,"minecraft:drop":8,"minecraft:fly_one_cm":1825956,"minecraft:crouch_one_cm":173580,"minecraft:play_time":768709,"minecraft:deaths":3,"minecraft:sneak_time":211758,"minecraft:jump":1956,"minecraft:leave_game":13,"minecraft:time_since_death":7311,"minecraft:total_world_time":768879},"minecraft:picked_up":{"minecraft:wooden_axe":2,"minecraft:birch_door":11,"minecraft:redstone_block":1,"bitsandchisels:wrench":1,"minecraft:stone":1,"minecraft:oak_log":1,"bitsandchisels:bits_block":927,"bitsandchisels:smart_chisel":1,"minecraft:spruce_door":4,"minecraft:dirt":90,"bitsandchisels:bit_item":1128,"minecraft:oak_sign":1,"minecraft:gray_carpet":1,"minecraft:wheat_seeds":26,"minecraft:oak_planks":1,"bitsandchisels:diamond_chisel":1},"minecraft:killed":{"minecraft:villager":1}},"DataVersion":3465}