{"stats":{"minecraft:dropped":{"bitsandchisels:diamond_chisel":1,"bitsandchisels:smart_chisel":1,"bitsandchisels:wrench":1,"bitsandchisels:bits_block":4,"minecraft:end_stone_bricks":1,"minecraft:white_terracotta":1},"minecraft:used":{"bitsandchisels:bit_item":3248,"minecraft:oak_log":15,"minecraft:glass":6,"minecraft:trident":5,"minecraft:green_concrete":1,"minecraft:diorite":4,"minecraft:black_concrete":4,"minecraft:end_stone_bricks":4,"minecraft:bricks":6,"minecraft:spruce_door":11,"minecraft:flint_and_steel":2,"minecraft:red_wool":2,"minecraft:light_gray_concrete":10,"minecraft:red_concrete":1,"minecraft:grass_block":36,"minecraft:oak_stairs":3,"minecraft:gray_carpet":8,"minecraft:oak_sign":1,"minecraft:oak_planks":3,"minecraft:light_gray_carpet":1,"minecraft:quartz_block":4,"minecraft:cyan_concrete":1,"minecraft:black_carpet":2,"minecraft:ender_pearl":21,"minecraft:white_terracotta":24,"minecraft:stone_slab":12,"minecraft:stone":6,"minecraft:brown_concrete":5,"minecraft:polished_granite":2,"minecraft:raw_gold_block":1,"minecraft:light_gray_wool":2,"minecraft:waxed_exposed_copper":2,"minecraft:red_carpet":1,"minecraft:redstone_lamp":1,"minecraft:yellow_terracotta":1,"minecraft:tnt":4,"bitsandchisels:bits_block":1369,"minecraft:stripped_oak_wood":1,"minecraft:light_blue_wool":2,"minecraft:black_banner":1,"minecraft:light_gray_terracotta":5,"minecraft:bamboo_block":1,"minecraft:yellow_concrete":1,"bitsandchisels:wrench":510,"minecraft:pink_terracotta":1,"minecraft:raw_iron_block":1,"minecraft:gray_concrete":1,"minecraft:white_concrete":149,"minecraft:granite":2,"minecraft:blue_concrete":2,"minecraft:smooth_stone":5,"minecraft:bamboo_planks":2,"minecraft:dark_oak_door":3,"minecraft:polished_diorite":10,"minecraft:birch_door":32,"minecraft:shroomlight":2},"minecraft:custom":{"minecraft:time_since_rest":674418,"minecraft:sprint_one_cm":400669,"minecraft:walk_one_cm":668487,"minecraft:mob_kills":1,"minecraft:drop":7,"minecraft:fly_one_cm":1670884,"minecraft:crouch_one_cm":144255,"minecraft:play_time":674418,"minecraft:sneak_time":172620,"minecraft:jump":1689,"minecraft:leave_game":10,"minecraft:time_since_death":674418,"minecraft:total_world_time":674588},"minecraft:picked_up":{"minecraft:wooden_axe":1,"minecraft:birch_door":11,"bitsandchisels:wrench":1,"minecraft:oak_log":1,"bitsandchisels:bits_block":909,"bitsandchisels:smart_chisel":1,"minecraft:spruce_door":4,"minecraft:oak_sign":1,"bitsandchisels:bit_item":1128,"minecraft:gray_carpet":1,"bitsandchisels:diamond_chisel":1},"minecraft:killed":{"minecraft:villager":1}},"DataVersion":3465}