{"stats":{"minecraft:dropped":{"bitsandchisels:wrench":1,"minecraft:wooden_axe":1,"bitsandchisels:smart_chisel":6,"minecraft:birch_door":1,"bitsandchisels:bits_block":71,"bitsandchisels:bit_item":2,"minecraft:white_concrete_powder":3},"minecraft:used":{"minecraft:yellow_banner":1,"minecraft:diorite":17,"minecraft:end_stone_bricks":18,"minecraft:iron_bars":4,"minecraft:spruce_door":60,"minecraft:chiseled_deepslate":2,"minecraft:birch_planks":41,"minecraft:polished_andesite":164,"minecraft:gray_carpet":9,"minecraft:oak_planks":67,"minecraft:birch_wood":12,"minecraft:oak_sign":46,"minecraft:blue_wool":112,"minecraft:black_carpet":53,"minecraft:white_concrete_powder":265,"minecraft:black_shulker_box":1,"minecraft:brown_concrete":2,"minecraft:white_terracotta":339,"minecraft:stone":119,"minecraft:redstone_block":18,"minecraft:stripped_birch_wood":1,"minecraft:oak_door":9,"minecraft:white_wool":32,"minecraft:torch":1,"minecraft:glow_item_frame":1,"minecraft:dirt":8,"minecraft:oak_slab":1,"minecraft:light_blue_wool":28,"minecraft:birch_sign":18,"minecraft:light_gray_terracotta":1,"minecraft:stone_stairs":87,"bitsandchisels:wrench":366,"minecraft:gray_concrete":1,"minecraft:granite":1,"minecraft:blue_concrete":1,"minecraft:dark_oak_door":2,"minecraft:polished_diorite":24,"minecraft:redstone_torch":6,"minecraft:birch_door":123,"bitsandchisels:bit_item":1648,"minecraft:oak_log":1,"minecraft:glass":7,"minecraft:black_wool":3,"minecraft:light":38,"minecraft:black_concrete":172,"minecraft:bricks":147,"minecraft:stripped_dark_oak_wood":2,"minecraft:villager_spawn_egg":1,"minecraft:light_gray_concrete":5,"minecraft:command_block":5,"minecraft:red_wool":72,"minecraft:grass_block":114,"minecraft:oak_stairs":21,"minecraft:birch_hanging_sign":2,"minecraft:polished_andesite_stairs":2,"minecraft:stone_button":2,"minecraft:green_wool":33,"minecraft:stone_slab":270,"minecraft:spruce_trapdoor":1,"minecraft:iron_door":9,"minecraft:pink_wool":59,"minecraft:stone_bricks":23,"minecraft:yellow_wool":12,"minecraft:smooth_basalt":1,"minecraft:yellow_concrete_powder":1,"minecraft:light_gray_wool":2,"minecraft:green_carpet":4,"minecraft:basalt":1,"minecraft:glowstone":1,"minecraft:red_carpet":2,"minecraft:redstone_lamp":34,"minecraft:stripped_oak_wood":2,"bitsandchisels:bits_block":2417,"minecraft:andesite":15,"minecraft:glass_pane":1,"minecraft:white_concrete":959,"minecraft:bamboo_planks":5,"minecraft:stripped_spruce_wood":17},"minecraft:custom":{"minecraft:leave_game":22,"minecraft:time_since_death":1040000,"minecraft:time_since_rest":1040000,"minecraft:sprint_one_cm":807872,"minecraft:walk_one_cm":1830939,"minecraft:drop":26,"minecraft:damage_dealt":60,"minecraft:fly_one_cm":2677444,"minecraft:crouch_one_cm":207641,"minecraft:play_time":1040000,"minecraft:sneak_time":139290,"minecraft:jump":3119,"minecraft:total_world_time":1056818},"minecraft:picked_up":{"minecraft:end_stone_bricks":1,"minecraft:birch_door":8,"bitsandchisels:bits_block":1163,"minecraft:light":2,"bitsandchisels:smart_chisel":5,"minecraft:oak_sign":9,"minecraft:wheat_seeds":3,"minecraft:oak_door":1,"minecraft:stone_button":2,"minecraft:spruce_door":6,"minecraft:white_concrete_powder":6,"bitsandchisels:bit_item":2,"minecraft:white_terracotta":1}},"DataVersion":3465}