{"stats":{"minecraft:dropped":{"bitsandchisels:wrench":1,"minecraft:stone_stairs":1,"minecraft:wooden_axe":2,"bitsandchisels:smart_chisel":6,"minecraft:birch_door":1,"bitsandchisels:bits_block":71,"bitsandchisels:bit_item":2,"minecraft:white_concrete_powder":3},"minecraft:used":{"minecraft:yellow_banner":1,"minecraft:diorite":17,"minecraft:end_stone_bricks":18,"minecraft:iron_bars":4,"minecraft:spruce_door":60,"minecraft:chiseled_deepslate":2,"minecraft:birch_planks":41,"minecraft:polished_andesite":164,"minecraft:gray_carpet":9,"minecraft:oak_planks":67,"minecraft:birch_wood":12,"minecraft:oak_sign":46,"minecraft:blue_wool":112,"minecraft:black_carpet":53,"minecraft:white_concrete_powder":265,"minecraft:black_shulker_box":1,"minecraft:brown_concrete":2,"minecraft:white_terracotta":350,"minecraft:stone":121,"minecraft:redstone_block":18,"minecraft:stripped_birch_wood":1,"minecraft:oak_door":9,"minecraft:white_wool":32,"minecraft:torch":1,"minecraft:glow_item_frame":1,"minecraft:dirt":8,"minecraft:oak_slab":1,"minecraft:light_blue_wool":28,"minecraft:birch_sign":18,"minecraft:light_gray_terracotta":1,"minecraft:stone_stairs":133,"bitsandchisels:wrench":366,"minecraft:gray_concrete":1,"minecraft:granite":1,"minecraft:blue_concrete":1,"minecraft:dark_oak_door":2,"minecraft:polished_diorite":24,"minecraft:redstone_torch":6,"minecraft:birch_door":126,"bitsandchisels:bit_item":1660,"minecraft:oak_log":1,"minecraft:glass":15,"minecraft:black_wool":3,"minecraft:light":42,"minecraft:black_concrete":181,"minecraft:bricks":153,"minecraft:stripped_dark_oak_wood":2,"minecraft:villager_spawn_egg":1,"minecraft:red_wool":72,"minecraft:command_block":5,"minecraft:light_gray_concrete":5,"minecraft:grass_block":115,"minecraft:oak_stairs":21,"minecraft:birch_hanging_sign":2,"minecraft:polished_andesite_stairs":2,"minecraft:stone_button":2,"minecraft:green_wool":33,"minecraft:stone_slab":336,"minecraft:spruce_trapdoor":1,"minecraft:iron_door":12,"minecraft:pink_wool":59,"minecraft:stone_bricks":23,"minecraft:yellow_wool":12,"minecraft:smooth_basalt":1,"minecraft:yellow_concrete_powder":1,"minecraft:light_gray_wool":2,"minecraft:green_carpet":4,"minecraft:basalt":1,"minecraft:glowstone":1,"minecraft:red_carpet":2,"minecraft:redstone_lamp":34,"minecraft:stripped_oak_wood":2,"bitsandchisels:bits_block":2458,"minecraft:andesite":15,"minecraft:glass_pane":1,"minecraft:white_concrete":1143,"minecraft:bamboo_planks":5,"minecraft:stripped_spruce_wood":17},"minecraft:custom":{"minecraft:leave_game":24,"minecraft:time_since_death":1088227,"minecraft:time_since_rest":1088227,"minecraft:sprint_one_cm":884295,"minecraft:walk_one_cm":1942965,"minecraft:drop":28,"minecraft:damage_dealt":60,"minecraft:fly_one_cm":3027290,"minecraft:crouch_one_cm":224185,"minecraft:play_time":1088227,"minecraft:sneak_time":145858,"minecraft:jump":3498,"minecraft:total_world_time":1105082},"minecraft:picked_up":{"minecraft:end_stone_bricks":1,"minecraft:birch_door":8,"bitsandchisels:bits_block":1199,"minecraft:light":2,"bitsandchisels:smart_chisel":5,"minecraft:stone_stairs":1,"minecraft:oak_sign":9,"minecraft:wheat_seeds":3,"minecraft:oak_door":1,"minecraft:stone_button":2,"minecraft:spruce_door":6,"minecraft:white_concrete_powder":6,"bitsandchisels:bit_item":2,"minecraft:white_terracotta":1,"minecraft:wooden_axe":1}},"DataVersion":3465}