{"stats":{"minecraft:dropped":{"bitsandchisels:diamond_chisel":2,"bitsandchisels:wrench":3,"minecraft:stone_stairs":1,"minecraft:wooden_axe":4,"bitsandchisels:smart_chisel":8,"minecraft:birch_door":1,"bitsandchisels:bits_block":71,"bitsandchisels:bit_item":16426,"minecraft:white_concrete_powder":3},"minecraft:used":{"minecraft:yellow_banner":1,"minecraft:chiseled_bookshelf":1,"minecraft:diorite":17,"minecraft:iron_bars":4,"minecraft:end_stone_bricks":18,"minecraft:spruce_door":60,"minecraft:chiseled_deepslate":2,"minecraft:birch_planks":43,"minecraft:red_concrete":2,"minecraft:gray_carpet":9,"minecraft:polished_andesite":164,"minecraft:oak_planks":128,"minecraft:birch_wood":12,"minecraft:oak_sign":46,"minecraft:blue_wool":112,"minecraft:black_carpet":53,"minecraft:white_concrete_powder":265,"minecraft:white_terracotta":477,"minecraft:brown_concrete":3,"minecraft:black_shulker_box":1,"minecraft:stone":724,"minecraft:redstone_block":18,"minecraft:stripped_birch_wood":1,"minecraft:quartz_stairs":17,"minecraft:smooth_quartz_stairs":4,"minecraft:oak_door":9,"minecraft:white_wool":32,"minecraft:glow_item_frame":1,"minecraft:torch":2,"minecraft:dirt":8,"minecraft:light_blue_concrete":2,"minecraft:oak_slab":1,"minecraft:jungle_planks":1,"minecraft:light_blue_wool":28,"minecraft:birch_sign":18,"minecraft:light_gray_terracotta":1,"minecraft:stone_stairs":233,"minecraft:yellow_concrete":2,"bitsandchisels:wrench":438,"minecraft:gray_concrete":3,"minecraft:granite":1,"minecraft:blue_concrete":1,"minecraft:book":10,"minecraft:dark_oak_door":53,"minecraft:birch_door":145,"minecraft:polished_diorite":24,"bitsandchisels:bit_item":3608,"minecraft:redstone_torch":6,"minecraft:oak_log":1,"minecraft:glass":17,"minecraft:black_wool":3,"minecraft:black_concrete":211,"minecraft:green_concrete":1,"minecraft:light":45,"minecraft:sea_lantern":1,"minecraft:bricks":158,"minecraft:stripped_dark_oak_wood":2,"minecraft:light_gray_stained_glass":2,"minecraft:bookshelf":7,"minecraft:villager_spawn_egg":1,"minecraft:stripped_jungle_log":2,"minecraft:red_wool":72,"minecraft:command_block":5,"minecraft:light_gray_concrete":8,"minecraft:grass_block":119,"minecraft:oak_stairs":21,"minecraft:birch_hanging_sign":2,"minecraft:green_wool":33,"minecraft:barrier":1,"minecraft:stone_button":2,"minecraft:polished_andesite_stairs":2,"minecraft:quartz_block":15,"minecraft:stone_slab":348,"minecraft:spruce_trapdoor":1,"minecraft:iron_door":14,"minecraft:pink_wool":59,"minecraft:stone_bricks":23,"minecraft:yellow_wool":12,"minecraft:smooth_basalt":1,"minecraft:yellow_concrete_powder":1,"minecraft:light_gray_wool":2,"minecraft:green_carpet":4,"minecraft:basalt":1,"minecraft:glowstone":1,"minecraft:red_carpet":2,"minecraft:redstone_lamp":34,"minecraft:lime_concrete":1,"bitsandchisels:bits_block":2909,"minecraft:stripped_oak_wood":2,"minecraft:andesite":15,"minecraft:glass_pane":1,"minecraft:white_concrete":1602,"minecraft:bamboo_planks":5,"minecraft:stripped_spruce_wood":17},"minecraft:custom":{"minecraft:leave_game":28,"minecraft:time_since_death":161581,"minecraft:time_since_rest":161610,"minecraft:sprint_one_cm":1073126,"minecraft:walk_one_cm":2493071,"minecraft:drop":48,"minecraft:damage_dealt":66,"minecraft:fly_one_cm":3847472,"minecraft:crouch_one_cm":335640,"minecraft:play_time":1543270,"minecraft:deaths":3,"minecraft:sneak_time":268634,"minecraft:jump":4860,"minecraft:total_world_time":1579537},"minecraft:picked_up":{"minecraft:end_stone_bricks":1,"minecraft:birch_door":8,"bitsandchisels:wrench":2,"minecraft:light":2,"bitsandchisels:bits_block":1577,"bitsandchisels:smart_chisel":7,"minecraft:dirt":12,"minecraft:stone_stairs":1,"minecraft:oak_sign":9,"minecraft:wheat_seeds":56,"minecraft:book":102,"minecraft:dark_oak_door":2,"minecraft:oak_door":1,"minecraft:stone_button":2,"minecraft:spruce_door":6,"minecraft:white_concrete_powder":6,"bitsandchisels:bit_item":16426,"minecraft:white_concrete":1,"minecraft:white_terracotta":2,"bitsandchisels:diamond_chisel":2,"minecraft:wooden_axe":3}},"DataVersion":3465}