{"stats":{"minecraft:picked_up":{"minecraft:end_stone_bricks":1,"minecraft:birch_door":17,"bitsandchisels:wrench":2,"minecraft:light":2,"bitsandchisels:bits_block":2571,"bitsandchisels:smart_chisel":8,"minecraft:dirt":12,"minecraft:stone_stairs":1,"minecraft:white_carpet":107,"minecraft:bone":2,"minecraft:oak_sign":9,"minecraft:wheat_seeds":56,"minecraft:netherite_sword":1,"minecraft:dark_oak_door":2,"minecraft:book":102,"minecraft:oak_door":1,"minecraft:stone_button":2,"minecraft:warden_spawn_egg":1,"bitsandchisels:iron_chisel":1,"minecraft:carrot":1,"minecraft:spruce_door":6,"minecraft:zombie_spawn_egg":1,"minecraft:rotten_flesh":15,"bitsandchisels:bit_item":21182,"minecraft:white_concrete_powder":6,"minecraft:white_concrete":1,"minecraft:white_terracotta":2,"bitsandchisels:diamond_chisel":4,"minecraft:wooden_axe":3},"minecraft:killed_by":{"minecraft:warden":1},"minecraft:custom":{"minecraft:mob_kills":19,"minecraft:interact_with_crafting_table":1,"minecraft:leave_game":36,"minecraft:time_since_death":415067,"minecraft:time_since_rest":415093,"minecraft:sprint_one_cm":1776001,"minecraft:damage_taken":390,"minecraft:walk_one_cm":3388960,"minecraft:drop":57,"minecraft:damage_dealt":6156,"minecraft:fly_one_cm":5453675,"minecraft:crouch_one_cm":483816,"minecraft:play_time":2166064,"minecraft:deaths":4,"minecraft:sneak_time":422156,"minecraft:jump":6920,"minecraft:total_world_time":2231870,"minecraft:fall_one_cm":963},"minecraft:killed":{"minecraft:wolf":5,"minecraft:zombie":14},"minecraft:used":{"minecraft:yellow_banner":1,"minecraft:nether_brick_fence":91,"minecraft:chiseled_bookshelf":3,"minecraft:netherite_sword":76,"minecraft:diorite":17,"minecraft:iron_bars":4,"minecraft:end_stone_bricks":18,"minecraft:jigsaw":1,"minecraft:spruce_door":62,"minecraft:chiseled_deepslate":2,"minecraft:flint_and_steel":2,"minecraft:birch_planks":53,"minecraft:red_concrete":3,"minecraft:spruce_planks":89,"minecraft:gray_carpet":9,"minecraft:polished_andesite":189,"minecraft:prismarine":2,"minecraft:oak_planks":137,"minecraft:birch_wood":12,"minecraft:oak_sign":48,"minecraft:blue_wool":112,"minecraft:black_carpet":53,"minecraft:ender_pearl":5,"minecraft:white_concrete_powder":265,"minecraft:white_terracotta":604,"minecraft:brown_concrete":3,"minecraft:black_shulker_box":1,"minecraft:stone":814,"minecraft:redstone_block":18,"minecraft:zombie_spawn_egg":18,"minecraft:stripped_birch_wood":17,"minecraft:quartz_stairs":17,"minecraft:glow_ink_sac":2,"minecraft:smooth_quartz_stairs":4,"minecraft:oak_door":16,"minecraft:torch":4,"minecraft:white_wool":34,"minecraft:glow_item_frame":1,"minecraft:dirt":8,"minecraft:yellow_terracotta":5,"minecraft:skeleton_spawn_egg":1,"minecraft:light_blue_concrete":41,"minecraft:oak_slab":1,"minecraft:crafting_table":1,"minecraft:nether_bricks":2,"minecraft:jungle_planks":1,"minecraft:light_blue_wool":28,"minecraft:birch_sign":18,"minecraft:light_gray_terracotta":1,"minecraft:yellow_concrete":3,"minecraft:stone_stairs":280,"bitsandchisels:wrench":671,"minecraft:gray_concrete":3,"minecraft:pink_dye":1,"minecraft:painting":7,"minecraft:granite":2,"minecraft:obsidian":29,"minecraft:blue_concrete":1,"minecraft:spruce_log":45,"minecraft:warden_spawn_egg":3,"minecraft:book":10,"minecraft:dark_oak_door":60,"minecraft:birch_door":219,"minecraft:polished_diorite":24,"bitsandchisels:bit_item":8613,"minecraft:redstone_torch":6,"minecraft:oak_log":1,"minecraft:glass":115,"minecraft:green_concrete":2,"minecraft:black_wool":4,"minecraft:black_concrete":375,"minecraft:light":84,"minecraft:sea_lantern":1,"minecraft:stripped_dark_oak_wood":2,"minecraft:bricks":181,"minecraft:bookshelf":94,"minecraft:light_gray_stained_glass":2,"minecraft:villager_spawn_egg":1,"minecraft:acacia_door":2,"minecraft:stripped_jungle_log":2,"minecraft:command_block":5,"minecraft:light_gray_concrete":12,"minecraft:red_wool":72,"minecraft:grass_block":179,"minecraft:oak_stairs":22,"minecraft:birch_hanging_sign":2,"minecraft:stone_button":2,"minecraft:barrier":1,"minecraft:polished_andesite_stairs":2,"minecraft:quartz_block":17,"minecraft:green_wool":33,"minecraft:stone_slab":368,"minecraft:cyan_concrete":1,"minecraft:spruce_trapdoor":1,"minecraft:iron_door":33,"minecraft:pink_wool":59,"minecraft:red_carpet":2,"minecraft:stone_bricks":23,"minecraft:yellow_wool":12,"minecraft:smooth_basalt":1,"minecraft:yellow_concrete_powder":1,"minecraft:light_gray_wool":2,"minecraft:green_carpet":4,"minecraft:basalt":1,"minecraft:glowstone":13,"minecraft:redstone_lamp":34,"minecraft:lime_concrete":1,"minecraft:wolf_spawn_egg":3,"bitsandchisels:bits_block":4422,"minecraft:stripped_oak_wood":3,"minecraft:andesite":15,"minecraft:glass_pane":1,"minecraft:white_concrete":2202,"minecraft:red_dye":1,"minecraft:acacia_planks":1,"minecraft:oak_hanging_sign":1,"minecraft:bamboo_planks":5,"minecraft:stripped_spruce_wood":33,"minecraft:experience_bottle":247},"minecraft:dropped":{"bitsandchisels:diamond_chisel":4,"bitsandchisels:wrench":3,"minecraft:stone_stairs":1,"minecraft:wooden_axe":4,"bitsandchisels:smart_chisel":9,"minecraft:birch_door":1,"bitsandchisels:iron_chisel":1,"bitsandchisels:bits_block":90,"bitsandchisels:bit_item":16429,"minecraft:white_concrete_powder":3}},"DataVersion":3465}