{"stats":{"minecraft:dropped":{"minecraft:white_concrete":1,"bitsandchisels:bits_block":1,"bitsandchisels:bit_item":1},"minecraft:used":{"minecraft:birch_door":14,"bitsandchisels:bit_item":4885,"minecraft:oak_fence":30,"minecraft:glass":3,"minecraft:brown_terracotta":1,"minecraft:light":1,"minecraft:cyan_terracotta":1,"minecraft:black_concrete":5,"minecraft:iron_bars":1,"minecraft:stripped_jungle_log":2,"minecraft:light_gray_concrete":1,"minecraft:lime_carpet":1,"minecraft:grass_block":8,"minecraft:oak_planks":27,"minecraft:quartz_block":2,"minecraft:blue_wool":1,"minecraft:white_concrete_powder":115,"minecraft:stone_slab":43,"minecraft:white_terracotta":6,"minecraft:stone":148,"minecraft:stripped_jungle_wood":1,"minecraft:stripped_birch_wood":4,"minecraft:glowstone":1,"minecraft:terracotta":1,"minecraft:yellow_terracotta":1,"minecraft:light_blue_concrete":1,"minecraft:stripped_oak_wood":2,"bitsandchisels:bits_block":510,"bitsandchisels:wrench":224,"minecraft:gold_block":1,"minecraft:stripped_oak_log":4,"minecraft:white_concrete":242},"minecraft:picked_up":{"bitsandchisels:wrench":1,"bitsandchisels:bits_block":327,"bitsandchisels:smart_chisel":2,"bitsandchisels:bit_item":3,"minecraft:oak_sign":1,"minecraft:white_concrete":1},"minecraft:custom":{"minecraft:time_since_rest":385237,"minecraft:sprint_one_cm":113642,"minecraft:walk_one_cm":557390,"minecraft:drop":3,"minecraft:fly_one_cm":180334,"minecraft:crouch_one_cm":84967,"minecraft:play_time":385237,"minecraft:sneak_time":151154,"minecraft:jump":836,"minecraft:leave_game":5,"minecraft:time_since_death":385237,"minecraft:total_world_time":385237}},"DataVersion":3465}