{"stats":{"minecraft:dropped":{"minecraft:white_concrete":1,"bitsandchisels:bits_block":1,"bitsandchisels:bit_item":1},"minecraft:used":{"minecraft:birch_door":21,"bitsandchisels:bit_item":5341,"minecraft:oak_fence":30,"minecraft:glass":3,"minecraft:brown_terracotta":1,"minecraft:light":1,"minecraft:cyan_terracotta":1,"minecraft:black_concrete":5,"minecraft:iron_bars":1,"minecraft:stripped_jungle_log":3,"minecraft:light_gray_concrete":1,"minecraft:lime_carpet":1,"minecraft:birch_planks":3,"minecraft:grass_block":8,"minecraft:polished_andesite":1,"minecraft:oak_planks":27,"minecraft:quartz_block":2,"minecraft:blue_wool":1,"minecraft:white_concrete_powder":115,"minecraft:stone_slab":80,"minecraft:white_terracotta":115,"minecraft:stone":149,"minecraft:stripped_jungle_wood":2,"minecraft:stripped_birch_wood":5,"minecraft:glowstone":1,"minecraft:terracotta":1,"minecraft:yellow_terracotta":1,"minecraft:light_blue_concrete":1,"minecraft:stripped_oak_wood":3,"bitsandchisels:bits_block":562,"bitsandchisels:wrench":224,"minecraft:gold_block":1,"minecraft:stripped_oak_log":5,"minecraft:white_concrete":251},"minecraft:custom":{"minecraft:time_since_rest":428109,"minecraft:sprint_one_cm":180229,"minecraft:walk_one_cm":604182,"minecraft:drop":3,"minecraft:fly_one_cm":229866,"minecraft:crouch_one_cm":95198,"minecraft:play_time":428109,"minecraft:sneak_time":169892,"minecraft:jump":932,"minecraft:leave_game":6,"minecraft:time_since_death":428109,"minecraft:total_world_time":428109},"minecraft:picked_up":{"bitsandchisels:wrench":1,"bitsandchisels:bits_block":368,"bitsandchisels:smart_chisel":2,"bitsandchisels:bit_item":3,"minecraft:oak_sign":1,"minecraft:white_concrete":1}},"DataVersion":3465}