{"stats":{"minecraft:dropped":{"minecraft:stone":1,"minecraft:white_concrete":1,"bitsandchisels:smart_chisel":3,"bitsandchisels:wrench":2,"bitsandchisels:bits_block":2,"bitsandchisels:bit_item":1},"minecraft:used":{"bitsandchisels:bit_item":5839,"minecraft:birch_door":104,"minecraft:oak_fence":30,"minecraft:glass":8,"minecraft:brown_terracotta":1,"minecraft:light":1,"minecraft:black_concrete":16,"minecraft:cyan_terracotta":1,"minecraft:iron_bars":1,"minecraft:bricks":2,"minecraft:bookshelf":17,"minecraft:stripped_jungle_log":3,"minecraft:lime_carpet":1,"minecraft:light_gray_concrete":1,"minecraft:birch_planks":3,"minecraft:grass_block":8,"minecraft:polished_andesite":1,"minecraft:oak_planks":42,"minecraft:quartz_block":2,"minecraft:blue_wool":1,"minecraft:white_concrete_powder":119,"minecraft:white_terracotta":219,"minecraft:stone_slab":88,"minecraft:stone":177,"minecraft:redstone_block":3,"minecraft:stripped_jungle_wood":3,"minecraft:iron_door":2,"minecraft:stripped_birch_wood":5,"minecraft:glowstone":1,"minecraft:dirt":2,"minecraft:terracotta":1,"minecraft:yellow_terracotta":2,"minecraft:light_blue_concrete":1,"minecraft:tnt":14,"minecraft:stripped_oak_wood":3,"bitsandchisels:bits_block":2728,"minecraft:red_banner":20,"minecraft:yellow_concrete":1,"minecraft:stone_stairs":116,"bitsandchisels:wrench":281,"minecraft:gold_block":1,"minecraft:stripped_oak_log":5,"minecraft:white_concrete":266,"minecraft:stripped_spruce_wood":1},"minecraft:custom":{"minecraft:time_since_rest":83006,"minecraft:sprint_one_cm":381642,"minecraft:damage_taken":900,"minecraft:walk_one_cm":942249,"minecraft:drop":10,"minecraft:fly_one_cm":561722,"minecraft:crouch_one_cm":130317,"minecraft:play_time":628015,"minecraft:deaths":5,"minecraft:sneak_time":208758,"minecraft:jump":1440,"minecraft:leave_game":10,"minecraft:time_since_death":82975,"minecraft:total_world_time":628015,"minecraft:fall_one_cm":484},"minecraft:picked_up":{"bitsandchisels:wrench":3,"minecraft:stone":1,"bitsandchisels:bits_block":643,"bitsandchisels:smart_chisel":6,"minecraft:dirt":22,"bitsandchisels:bit_item":40,"minecraft:oak_sign":1,"minecraft:wheat_seeds":3,"minecraft:white_concrete":1,"minecraft:bookshelf":1,"minecraft:oak_planks":8},"minecraft:mined":{"minecraft:grass_block":34}},"DataVersion":3465}